{"data_time": 0.007519484614022076, "eta_seconds": 59.91105363238603, "fast_rcnn/cls_accuracy": 0.96875, "fast_rcnn/false_negative": 0.016133229247983348, "fast_rcnn/fg_cls_accuracy": 0.9838667707520166, "iteration": 19, "loss_box_reg": 0.2569446936249733, "loss_cls": 0.0850435271859169, "loss_rpn_cls": 0.000899549457244575, "loss_rpn_loc": 0.008561639580875635, "lr": 0.00038062, "roi_head/num_bg_samples": 48.625, "roi_head/num_fg_samples": 15.375, "rpn/num_neg_anchors": 246.75, "rpn/num_pos_anchors": 9.25, "time": 0.9985175605397671, "total_loss": 0.3380315478752891}
{"data_time": 0.007484108442440629, "eta_seconds": 36.285867700353265, "fast_rcnn/cls_accuracy": 0.9609375, "fast_rcnn/false_negative": 0.05756578947368421, "fast_rcnn/fg_cls_accuracy": 0.9424342105263157, "iteration": 39, "loss_box_reg": 0.28653721511363983, "loss_cls": 0.08861854672431946, "loss_rpn_cls": 0.0033910516649484634, "loss_rpn_loc": 0.007816764991730452, "lr": 0.0007802200000000001, "roi_head/num_bg_samples": 48.0, "roi_head/num_fg_samples": 16.0, "rpn/num_neg_anchors": 247.0, "rpn/num_pos_anchors": 9.0, "time": 0.7663033159915358, "total_loss": 0.40276091154373717}
{"data_time": 0.007482158951461315, "eta_seconds": 17.582495929673314, "fast_rcnn/cls_accuracy": 0.970703125, "fast_rcnn/false_negative": 0.03257415254237288, "fast_rcnn/fg_cls_accuracy": 0.9674258474576272, "iteration": 59, "loss_box_reg": 0.28295066952705383, "loss_cls": 0.08630479127168655, "loss_rpn_cls": 0.0018208218389190733, "loss_rpn_loc": 0.008613554295152426, "lr": 0.001, "roi_head/num_bg_samples": 48.75, "roi_head/num_fg_samples": 15.25, "rpn/num_neg_anchors": 247.5, "rpn/num_pos_anchors": 8.5, "time": 0.8506264809984714, "total_loss": 0.3919604505645111}
{"data_time": 0.008993953000754118, "eta_seconds": 0.0, "fast_rcnn/cls_accuracy": 0.974609375, "fast_rcnn/false_negative": 0.048861228813559324, "fast_rcnn/fg_cls_accuracy": 0.9511387711864407, "iteration": 79, "loss_box_reg": 0.2569338381290436, "loss_cls": 0.06916757673025131, "loss_rpn_cls": 0.0049700443632900715, "loss_rpn_loc": 0.00634588161483407, "lr": 0.001, "roi_head/num_bg_samples": 49.75, "roi_head/num_fg_samples": 14.25, "rpn/num_neg_anchors": 248.75, "rpn/num_pos_anchors": 7.25, "time": 0.9767663034144789, "total_loss": 0.33559482656710315}
