{"data_time": 0.008544410462491214, "eta_seconds": 46.40372963855043, "fast_rcnn/cls_accuracy": 0.97265625, "fast_rcnn/false_negative": 0.03478523895946763, "fast_rcnn/fg_cls_accuracy": 0.9652147610405324, "iteration": 19, "loss_box_reg": 0.2541171610355377, "loss_cls": 0.08366084098815918, "loss_rpn_cls": 0.0020984583534300327, "loss_rpn_loc": 0.009786038659512997, "lr": 0.00038062, "roi_head/num_bg_samples": 48.25, "roi_head/num_fg_samples": 15.75, "rpn/num_neg_anchors": 245.0, "rpn/num_pos_anchors": 11.0, "time": 0.7733954939758405, "total_loss": 0.35811656250734814}
{"data_time": 0.007223246502690017, "eta_seconds": 31.6580379800871, "fast_rcnn/cls_accuracy": 0.9765625, "fast_rcnn/false_negative": 0.02039983680130559, "fast_rcnn/fg_cls_accuracy": 0.9796001631986944, "iteration": 39, "loss_box_reg": 0.24136776477098465, "loss_cls": 0.05550333485007286, "loss_rpn_cls": 0.0011006360000465065, "loss_rpn_loc": 0.008971125818789005, "lr": 0.0007802200000000001, "roi_head/num_bg_samples": 48.625, "roi_head/num_fg_samples": 15.375, "rpn/num_neg_anchors": 246.375, "rpn/num_pos_anchors": 9.625, "time": 0.8002182759810239, "total_loss": 0.31034085355349816}
{"data_time": 0.008535421104170382, "eta_seconds": 16.004365519620478, "fast_rcnn/cls_accuracy": 0.97265625, "fast_rcnn/false_negative": 0.039830942622950824, "fast_rcnn/fg_cls_accuracy": 0.9601690573770492, "iteration": 59, "loss_box_reg": 0.23157984763383865, "loss_cls": 0.07139299437403679, "loss_rpn_cls": 0.0016146418638527393, "loss_rpn_loc": 0.007215468445792794, "lr": 0.001, "roi_head/num_bg_samples": 48.375, "roi_head/num_fg_samples": 15.625, "rpn/num_neg_anchors": 246.75, "rpn/num_pos_anchors": 9.25, "time": 0.8209126704605296, "total_loss": 0.3237718295677041}
{"data_time": 0.006455696071498096, "eta_seconds": 0.0, "fast_rcnn/cls_accuracy": 0.96875, "fast_rcnn/false_negative": 0.05, "fast_rcnn/fg_cls_accuracy": 0.95, "iteration": 79, "loss_box_reg": 0.2225925549864769, "loss_cls": 0.07605487108230591, "loss_rpn_cls": 0.0006595294398721308, "loss_rpn_loc": 0.006989171728491783, "lr": 0.001, "roi_head/num_bg_samples": 48.875, "roi_head/num_fg_samples": 15.125, "rpn/num_neg_anchors": 247.875, "rpn/num_pos_anchors": 8.125, "time": 0.9653152864193544, "total_loss": 0.3075644718337571}
