{"data_time": 0.007797654950991273, "eta_seconds": 45.84134472068399, "fast_rcnn/cls_accuracy": 0.74609375, "fast_rcnn/false_negative": 1.0, "fast_rcnn/fg_cls_accuracy": 0.0, "iteration": 19, "loss_box_reg": 0.9022039771080017, "loss_cls": 0.5638019144535065, "loss_rpn_cls": 0.007144557079300284, "loss_rpn_loc": 0.009011110756546259, "lr": 0.00038062, "roi_head/num_bg_samples": 48.875, "roi_head/num_fg_samples": 15.125, "rpn/num_neg_anchors": 246.25, "rpn/num_pos_anchors": 9.75, "time": 0.7640224120113999, "total_loss": 1.467634592903778}
{"data_time": 0.008013318409211934, "eta_seconds": 36.01362992543727, "fast_rcnn/cls_accuracy": 0.84765625, "fast_rcnn/false_negative": 0.6236530172413793, "fast_rcnn/fg_cls_accuracy": 0.37634698275862066, "iteration": 39, "loss_box_reg": 0.8196806907653809, "loss_cls": 0.2503913640975952, "loss_rpn_cls": 0.005403168732300401, "loss_rpn_loc": 0.007508950307965279, "lr": 0.0007802200000000001, "roi_head/num_bg_samples": 49.0, "roi_head/num_fg_samples": 15.0, "rpn/num_neg_anchors": 246.0, "rpn/num_pos_anchors": 10.0, "time": 1.0803555896272883, "total_loss": 1.136550156166777}
{"data_time": 0.009363301913253963, "eta_seconds": 18.554145321249962, "fast_rcnn/cls_accuracy": 0.9609375, "fast_rcnn/false_negative": 0.046875, "fast_rcnn/fg_cls_accuracy": 0.953125, "iteration": 59, "loss_box_reg": 0.5673926174640656, "loss_cls": 0.11845389381051064, "loss_rpn_cls": 0.0025848664809018373, "loss_rpn_loc": 0.0095195765607059, "lr": 0.001, "roi_head/num_bg_samples": 48.5, "roi_head/num_fg_samples": 15.5, "rpn/num_neg_anchors": 246.625, "rpn/num_pos_anchors": 9.375, "time": 0.9337649265071377, "total_loss": 0.6948044458113145}
{"data_time": 0.00827257800847292, "eta_seconds": 0.0, "fast_rcnn/cls_accuracy": 0.97265625, "fast_rcnn/false_negative": 0.05022321428571429, "fast_rcnn/fg_cls_accuracy": 0.9497767857142857, "iteration": 79, "loss_box_reg": 0.2944015711545944, "loss_cls": 0.06928935274481773, "loss_rpn_cls": 0.0025590232107788324, "loss_rpn_loc": 0.009551349561661482, "lr": 0.001, "roi_head/num_bg_samples": 48.375, "roi_head/num_fg_samples": 15.625, "rpn/num_neg_anchors": 246.75, "rpn/num_pos_anchors": 9.25, "time": 0.9321370605612174, "total_loss": 0.37468477920629084}
